timestamp,ip_address,latitude,longitude
2025-01-05 09:18:32.904451,37.228.247.227,53.3331,-6.2489
2025-01-05 11:13:05.659564,40.77.189.115,41.85,-87.65
2025-01-05 11:38:53.374344,82.152.162.108,22.2783,114.1747
2025-01-05 13:49:43.234230,114.92.172.120,31.2222,121.4581
2025-01-05 14:06:52.548273,17.241.219.119,47.6062,-122.3321
2025-01-05 16:48:37.232752,37.228.247.227,53.3331,-6.2489
2025-01-05 16:48:37.259421,37.228.247.227,53.3331,-6.2489
2025-01-05 18:05:33.853596,37.166.90.83,45.7485,4.8467
2025-01-06 00:38:05.491528,37.228.247.227,53.3331,-6.2489
2025-01-06 01:27:11.372810,150.37.132.69,35.6558,139.3239
2025-01-06 08:49:08.172024,154.189.210.82,30.0626,31.2497
2025-01-06 12:51:27.271132,40.77.188.38,41.85,-87.65
2025-01-06 14:42:11.330635,149.157.115.68,53.385,-6.5936
2025-01-06 21:57:19.289193,37.228.247.227,53.3331,-6.2489
2025-01-06 21:57:19.282124,37.228.247.227,53.3331,-6.2489
2025-01-07 09:32:48.126808,31.27.219.35,41.8919,12.5113
2025-01-07 11:33:52.160956,40.77.190.222,41.85,-87.65
2025-01-07 14:08:48.103808,37.228.247.227,53.3331,-6.2489
2025-01-07 14:18:42.193631,37.228.247.227,53.3331,-6.2489
2025-01-07 15:14:22.530629,152.78.0.24,50.904,-1.4043
2025-01-07 15:56:26.491894,66.249.76.128,50.8505,4.3488
2025-01-08 02:01:28.421976,150.37.132.69,35.6558,139.3239
2025-01-08 02:01:29.208060,150.37.132.69,35.6558,139.3239
2025-01-08 11:22:22.367215,66.249.76.128,50.8505,4.3488
2025-01-08 12:45:31.512344,40.77.202.99,47.1301,-119.2781
2025-01-08 13:02:52.589106,40.77.189.141,41.85,-87.65
2025-01-08 17:54:15.177927,37.228.247.227,53.3331,-6.2489
2025-01-08 21:34:45.191209,37.228.247.227,53.3331,-6.2489
2025-01-08 21:35:10.465633,37.228.247.227,53.3331,-6.2489
2025-01-08 21:36:41.179835,37.228.247.227,53.3331,-6.2489
2025-01-08 21:36:41.185585,37.228.247.227,53.3331,-6.2489
2025-01-08 22:43:39.029103,198.137.18.90,33.9609,-83.3779
2025-01-09 00:23:19.990484,40.77.188.41,41.85,-87.65
2025-01-09 05:07:33.279536,150.37.132.69,35.6558,139.3239
2025-01-09 15:12:18.261685,31.27.218.46,41.8919,12.5113
2025-01-10 00:20:21.228091,40.77.190.240,41.85,-87.65
2025-01-10 01:18:31.449886,101.47.11.82,1.2897,103.8501
2025-01-10 06:15:40.501643,202.8.43.162,39.0062,-77.4286
2025-01-10 13:21:35.584986,37.228.247.227,53.3331,-6.2489
2025-01-10 13:33:20.680024,37.228.232.162,53.3331,-6.2489
2025-01-10 19:16:48.336184,37.228.214.148,53.3331,-6.2489
2025-01-11 12:14:32.069773,27.19.190.148,31.2222,121.4581
2025-01-11 17:55:29.845730,40.77.190.15,41.85,-87.65
2025-01-12 03:11:04.824378,40.77.202.97,47.1301,-119.2781
2025-01-12 03:26:18.673234,222.205.47.9,31.2222,121.4581
2025-01-12 05:11:46.015752,98.192.134.101,30.4383,-84.2807
2025-01-12 12:01:37.803185,66.249.76.129,51.2205,4.4003
2025-01-12 16:35:37.324177,176.132.194.135,48.8157,2.3849
2025-01-12 20:55:04.836565,37.228.247.227,53.3331,-6.2489
2025-01-12 21:24:06.280071,37.228.247.227,53.3331,-6.2489
2025-01-12 21:24:06.497562,37.228.247.227,53.3331,-6.2489
2025-01-13 06:18:39.797571,101.47.11.182,1.2897,103.8501
2025-01-13 07:05:18.892428,27.42.97.145,31.2222,121.4581
2025-01-13 08:02:46.333107,66.249.77.192,41.2619,-95.8608
2025-01-13 19:15:28.648176,40.77.190.208,41.85,-87.65
2025-01-14 03:03:22.586768,66.249.74.69,36.154,-95.9928
2025-01-14 06:15:26.307505,66.249.74.71,32.7831,-96.8067
2025-01-14 07:30:40.850389,120.195.45.103,32.0617,118.7778
2025-01-14 07:55:37.685211,34.123.170.104,41.2619,-95.8608
2025-01-14 15:01:49.207029,149.157.191.191,53.385,-6.5936
2025-01-14 17:32:36.597837,40.77.188.238,41.85,-87.65
2025-01-15 06:56:23.604947,52.43.220.162,45.8399,-119.7006
2025-01-15 10:20:16.977806,202.8.43.162,39.0437,-77.4875
2025-01-15 14:01:00.859637,152.78.0.24,50.904,-1.4043
2025-01-15 16:20:17.123774,37.228.247.227,53.3331,-6.2489
2025-01-15 19:34:06.053672,40.77.189.155,41.85,-87.65
2025-01-16 03:23:10.286196,171.4.239.39,19.9086,99.8325
2025-01-16 13:49:47.435234,207.46.13.127,47.1301,-119.2781
2025-01-16 13:49:47.863442,207.46.13.127,47.1301,-119.2781
2025-01-16 14:42:58.341181,152.78.0.24,50.904,-1.4043
2025-01-16 17:28:55.297632,123.160.223.75,34.7578,113.6486
2025-01-16 17:36:56.269172,34.76.117.34,50.8505,4.3488
2025-01-17 06:52:06.671759,34.76.117.34,50.8505,4.3488
2025-01-17 07:09:54.650432,66.249.64.8,33.4513,-79.5609
2025-01-17 19:14:55.613324,40.77.202.112,47.1301,-119.2781
2025-01-17 23:49:30.720368,40.77.190.183,41.85,-87.65
2025-01-18 08:42:23.939870,112.28.144.177,31.2222,121.4581
2025-01-18 18:44:11.984374,40.77.188.244,41.85,-87.65
2025-01-19 03:22:43.132659,37.228.247.227,53.3331,-6.2489
2025-01-19 05:45:22.028628,111.7.96.181,31.2222,121.4581
2025-01-19 12:24:56.141655,40.77.202.183,47.1301,-119.2781
2025-01-19 17:50:01.527380,202.8.43.162,39.0437,-77.4875
2025-01-19 18:06:10.271471,152.78.0.24,50.904,-1.4043
2025-01-20 02:42:53.382085,66.249.64.6,33.4513,-79.5609
2025-01-20 07:49:06.993540,150.37.132.69,35.6558,139.3239
2025-01-20 10:17:30.558661,122.151.198.79,-27.4679,153.0281
2025-01-20 11:00:16.364815,144.32.88.134,53.9576,-1.0827
2025-01-20 13:10:15.187239,37.228.247.227,53.3331,-6.2489
2025-01-20 13:10:15.193950,37.228.247.227,53.3331,-6.2489
2025-01-20 15:29:20.886196,34.72.176.129,41.2619,-95.8608
2025-01-20 22:28:17.173708,77.119.172.90,48.2085,16.3721
2025-01-21 02:08:03.341052,40.77.190.156,41.85,-87.65
2025-01-21 06:52:11.753113,66.249.64.7,33.1963,-80.0143
2025-01-21 09:48:43.951941,40.77.189.64,41.85,-87.65
2025-01-21 13:34:21.390986,181.111.123.214,-34.6131,-58.3772
2025-01-21 14:53:47.643231,43.252.208.131,22.2783,114.1747
2025-01-21 16:23:34.573820,40.77.202.64,47.1301,-119.2781
2025-01-22 00:13:44.057969,37.228.248.120,53.3331,-6.2489
2025-01-22 01:06:04.526631,198.137.18.16,33.9609,-83.3779
2025-01-22 06:11:37.614949,40.77.188.129,41.85,-87.65
2025-01-22 12:11:49.267801,147.161.148.84,50.8505,4.3488
2025-01-22 15:03:49.034705,66.249.77.192,41.2619,-95.8608
2025-01-22 22:40:01.900860,40.77.188.30,41.85,-87.65
2025-01-22 23:51:37.558295,66.249.77.195,41.2619,-95.8608
2025-01-23 02:20:53.010554,37.228.248.120,53.3331,-6.2489
2025-01-23 10:17:33.666611,37.228.232.162,53.3331,-6.2489
2025-01-23 12:34:07.275172,66.249.77.194,41.2619,-95.8608
2025-01-23 13:00:52.132849,40.77.189.223,41.85,-87.65
2025-01-23 13:05:52.172669,66.249.77.195,41.2619,-95.8608
2025-01-23 18:32:33.049852,198.137.18.8,33.9609,-83.3779
2025-01-23 21:20:04.170686,202.8.43.162,39.0437,-77.4875
2025-01-24 03:30:05.638843,104.197.69.115,41.2619,-95.8608
2025-01-24 03:30:29.724341,205.169.39.194,34.1782,-82.379
2025-01-24 03:53:15.739730,205.169.39.26,34.1782,-82.379
2025-01-24 09:57:16.356071,66.249.77.193,41.2619,-95.8608
2025-01-24 12:52:25.796859,40.77.189.58,41.85,-87.65
2025-01-24 16:19:07.721296,17.22.245.31,38.9371,-77.4128
2025-01-24 16:24:00.279780,62.66.184.152,55.6759,12.5655
2025-01-24 21:00:06.130952,37.228.248.120,53.3331,-6.2489
2025-01-24 23:42:43.953162,205.175.118.170,47.6062,-122.3321
2025-01-25 12:25:39.604778,40.77.188.149,41.85,-87.65
2025-01-25 15:03:03.398387,40.77.202.79,47.1301,-119.2781
2025-01-25 20:09:56.499563,66.249.65.39,36.154,-95.9928
2025-01-26 00:12:45.606253,66.249.65.38,36.154,-95.9928
2025-01-26 16:14:18.713164,66.249.76.129,51.2205,4.4003
2025-01-26 16:49:44.763862,40.77.189.77,41.85,-87.65
2025-01-26 17:42:10.715964,66.249.79.36,47.4485,-122.2922
2025-01-26 18:21:25.047518,101.47.10.240,1.2897,103.8501
2025-01-27 01:10:00.910180,37.228.248.120,53.3331,-6.2489
2025-01-27 07:11:20.927224,40.77.189.154,41.85,-87.65
2025-01-27 10:49:39.327439,202.8.43.162,39.0437,-77.4875
2025-01-27 12:53:31.595154,66.249.66.7,35.2271,-80.8431
2025-01-27 21:01:41.605537,198.137.18.89,33.9609,-83.3779
2025-01-27 23:32:05.455592,132.234.201.144,-27.4679,153.0281
2025-01-28 00:52:15.722820,152.78.0.24,50.904,-1.4043
2025-01-28 02:52:30.010902,129.10.181.169,42.3584,-71.0598
2025-01-28 03:02:25.125754,37.228.248.120,53.3331,-6.2489
2025-01-28 03:48:10.275472,172.56.241.183,32.7157,-117.1647
2025-01-28 07:06:42.415232,40.77.189.121,41.85,-87.65
2025-01-28 12:08:47.476352,152.78.0.24,50.904,-1.4043
2025-01-28 22:57:08.915970,130.102.237.36,-27.4679,153.0281
2025-01-29 01:48:02.356352,66.249.66.6,35.2271,-80.8431
2025-01-29 07:08:21.567406,40.77.190.58,41.85,-87.65
2025-01-29 09:14:25.974388,172.167.201.151,51.5085,-0.1257
2025-01-29 09:15:08.403573,54.162.80.107,39.0437,-77.4875
2025-01-29 17:45:47.945283,66.249.66.6,35.2271,-80.8431
2025-01-29 22:16:11.690116,66.249.66.5,35.2271,-80.8431
2025-01-30 05:25:53.076779,192.136.198.18,26.2159,-98.3253
2025-01-30 07:13:04.883774,40.77.190.16,41.85,-87.65
2025-01-30 07:59:52.492272,101.47.10.19,1.2897,103.8501
2025-01-30 08:00:26.883135,101.47.11.152,1.2897,103.8501
2025-01-30 14:56:23.793218,202.8.43.162,39.0437,-77.4875
2025-01-30 19:37:18.753163,37.228.248.120,53.3331,-6.2489
2025-01-30 21:38:21.513440,66.249.64.8,33.1963,-80.0143
2025-01-30 22:05:31.232039,152.78.0.24,50.904,-1.4043
2025-01-30 22:57:41.838675,40.77.188.5,41.85,-87.65
2025-01-31 00:52:25.209534,37.228.248.120,53.3331,-6.2489
2025-01-31 07:24:41.690397,101.47.11.47,1.2897,103.8501
2025-01-31 11:35:13.407825,152.78.0.24,50.904,-1.4043
2025-01-31 22:55:50.275943,40.77.189.216,41.85,-87.65
2025-02-01 01:58:04.727899,66.249.64.8,33.1963,-80.0143
2025-02-01 02:13:57.150107,66.249.64.8,33.1963,-80.0143
2025-02-01 14:37:10.497702,40.77.188.62,41.85,-87.65
2025-02-01 22:58:58.077913,40.77.189.66,41.85,-87.65
2025-02-01 23:58:33.666643,40.77.202.89,47.1301,-119.2781
2025-02-02 01:38:23.842472,37.228.248.120,53.3331,-6.2489
2025-02-02 10:19:45.659298,101.47.11.242,1.2897,103.8501
2025-02-02 17:07:41.617760,202.8.43.162,39.0437,-77.4875
2025-02-02 18:03:13.463052,152.78.0.24,50.904,-1.4043
2025-02-02 23:15:45.694023,40.77.189.213,41.85,-87.65
2025-02-03 00:00:30.195853,66.249.66.7,35.2271,-80.8431
2025-02-03 01:08:01.289638,66.249.66.4,35.2271,-80.8431
2025-02-03 04:19:11.399969,66.249.66.6,35.2271,-80.8431
2025-02-03 04:40:34.376686,17.246.15.41,41.85,-87.65
2025-02-03 09:36:35.703772,40.77.189.179,41.85,-87.65
2025-02-03 10:29:04.729198,40.77.202.36,47.1301,-119.2781
2025-02-03 17:19:34.588900,37.228.248.120,53.3331,-6.2489
2025-02-03 18:34:57.281098,137.117.86.228,39.0437,-77.4875
2025-02-04 03:42:14.107978,66.249.66.7,35.2271,-80.8431
2025-02-04 04:08:29.769788,40.77.189.42,41.85,-87.65
2025-02-04 09:55:21.079565,208.125.85.106,43.6574,-70.2589
2025-02-04 14:03:14.236428,128.240.225.36,54.9733,-1.614
2025-02-04 18:58:41.187353,37.228.248.120,53.3331,-6.2489
2025-02-05 00:56:40.985194,66.249.77.192,41.2619,-95.8608
2025-02-05 04:32:16.257332,130.102.177.48,-27.4679,153.0281
2025-02-05 09:35:25.238166,40.77.202.61,47.1301,-119.2781
2025-02-05 10:33:23.652978,40.77.189.98,41.85,-87.65
2025-02-05 13:43:35.716753,202.8.43.162,39.0437,-77.4875
2025-02-05 15:58:06.031199,70.35.219.130,45.5699,-73.692
2025-02-06 00:38:07.565235,66.249.76.130,50.8505,4.3488
2025-02-06 01:58:31.768227,66.249.66.5,35.2271,-80.8431
2025-02-06 04:59:53.659799,37.228.248.120,53.3331,-6.2489
2025-02-06 06:14:25.965082,101.47.8.156,1.2897,103.8501
2025-02-06 09:26:51.973626,40.77.189.246,41.85,-87.65
2025-02-06 14:34:33.425722,149.157.34.42,53.385,-6.5936
2025-02-06 15:46:12.274612,151.18.26.104,45.4643,9.1895
2025-02-06 15:47:29.140250,66.249.66.4,35.2271,-80.8431
2025-02-06 16:01:38.280516,17.246.19.52,41.85,-87.65
2025-02-07 05:23:23.169221,66.249.66.7,35.2271,-80.8431
2025-02-07 09:59:05.941310,40.77.188.200,41.85,-87.65
2025-02-07 12:54:55.805675,60.249.36.91,24.1469,120.6839
2025-02-07 13:36:40.896953,194.254.245.199,45.7485,4.8467
2025-02-07 16:06:15.713230,149.157.37.63,53.385,-6.5936
2025-02-08 07:34:34.911116,202.8.43.162,39.0437,-77.4875
2025-02-08 13:31:00.179144,31.169.100.3,53.3331,-6.2489
2025-02-08 19:34:48.394029,123.160.223.74,34.7578,113.6486
2025-02-08 20:27:58.948290,101.44.184.193,19.4285,-99.1277
2025-02-08 20:56:41.625631,111.119.206.249,1.2897,103.8501
2025-02-08 21:50:27.029606,151.47.239.223,40.8522,14.2681
2025-02-09 01:23:31.308465,37.228.248.120,53.3331,-6.2489
2025-02-09 11:29:09.594930,40.77.202.13,47.1301,-119.2781
2025-02-09 13:27:34.689665,38.207.136.67,35.6895,139.6917
2025-02-09 14:08:09.975779,66.249.74.160,32.7831,-96.8067
2025-02-09 21:55:12.959411,94.74.124.136,22.2783,114.1747
2025-02-09 22:00:55.325871,119.12.170.94,22.2783,114.1747
2025-02-09 22:07:35.006811,119.12.170.94,22.2783,114.1747
2025-02-09 22:17:34.913513,101.44.70.2,22.2783,114.1747
2025-02-09 22:26:46.543159,166.108.198.115,1.2897,103.8501
2025-02-09 22:33:26.631695,119.8.63.142,22.2783,114.1747
2025-02-09 22:46:02.659427,27.106.108.103,22.2783,114.1747
2025-02-09 22:52:16.613726,94.74.125.30,22.2783,114.1747
2025-02-09 23:21:43.843262,159.138.151.170,22.2783,114.1747
2025-02-09 23:41:42.656129,122.8.185.67,19.4285,-99.1277
2025-02-10 00:14:41.005279,119.12.174.222,22.2783,114.1747
2025-02-10 00:26:40.445763,190.92.244.194,22.2783,114.1747
2025-02-10 00:29:36.114651,190.92.244.194,22.2783,114.1747
2025-02-10 00:29:59.266195,122.8.185.103,19.4285,-99.1277
2025-02-10 02:18:50.688669,183.173.121.114,39.9075,116.3972
2025-02-10 05:32:51.764992,40.77.190.37,41.85,-87.65
2025-02-10 06:08:16.429098,66.249.74.163,32.7831,-96.8067
2025-02-10 10:53:46.876810,66.249.74.163,32.7831,-96.8067
2025-02-10 12:22:43.981211,152.78.0.24,50.904,-1.4043
2025-02-10 23:03:53.783497,111.119.210.84,1.2897,103.8501
2025-02-10 23:50:19.959192,122.8.184.179,19.4285,-99.1277
2025-02-10 23:50:53.187058,94.74.97.209,22.2783,114.1747
2025-02-10 23:54:16.196770,101.44.24.85,19.4285,-99.1277
2025-02-11 00:01:34.994740,111.119.212.25,1.2897,103.8501
2025-02-11 00:03:33.617277,159.138.106.46,1.2897,103.8501
2025-02-11 00:11:23.401533,119.8.237.50,22.2783,114.1747
2025-02-11 00:13:43.357871,150.40.237.45,22.2783,114.1747
2025-02-11 00:22:19.203249,46.250.170.141,19.4285,-99.1277
2025-02-11 00:34:10.485962,166.108.195.40,1.2897,103.8501
2025-02-11 00:35:32.374973,119.8.161.143,1.2897,103.8501
2025-02-11 00:36:49.026458,202.8.43.162,39.0437,-77.4875
2025-02-11 00:42:22.413272,111.119.201.71,1.2897,103.8501
2025-02-11 00:49:01.326913,46.250.171.206,19.4285,-99.1277
2025-02-11 00:56:47.950301,119.12.172.228,22.2783,114.1747
2025-02-11 01:05:13.017290,66.249.74.161,32.7831,-96.8067
2025-02-11 01:13:11.247012,166.108.232.108,1.2897,103.8501
2025-02-11 01:27:48.697543,166.108.200.201,1.2897,103.8501
2025-02-11 05:39:32.110474,40.77.188.57,41.85,-87.65
2025-02-11 09:00:13.218011,37.228.248.120,53.3331,-6.2489
2025-02-11 09:00:13.225854,37.228.248.120,53.3331,-6.2489
2025-02-11 09:49:34.573497,37.228.248.120,53.3331,-6.2489
2025-02-11 11:37:52.302255,156.224.77.20,22.2783,114.1747
2025-02-11 16:04:53.110701,137.43.149.220,53.3331,-6.2489
2025-02-12 01:35:12.574488,101.44.187.3,19.4285,-99.1277
2025-02-12 01:39:02.377026,94.74.91.39,1.2897,103.8501
2025-02-12 01:48:52.831852,166.108.204.211,1.2897,103.8501
2025-02-12 01:56:38.446315,101.44.70.168,22.2783,114.1747
2025-02-12 02:59:51.702910,101.47.9.243,1.2897,103.8501
2025-02-12 05:02:51.321866,150.116.79.124,25.0531,121.5264
2025-02-12 05:30:12.570422,40.77.190.211,41.85,-87.65
2025-02-12 11:38:57.544658,37.228.248.120,53.3331,-6.2489
2025-02-12 11:38:57.544479,37.228.248.120,53.3331,-6.2489
2025-02-12 13:49:13.511124,158.109.47.106,41.4911,2.1408
2025-02-12 14:33:14.556972,136.142.159.67,40.4406,-79.9959
2025-02-12 16:39:36.394000,66.249.66.5,35.2271,-80.8431
2025-02-12 18:45:20.754117,37.228.248.120,53.3331,-6.2489
2025-02-12 18:45:20.847528,37.228.248.120,53.3331,-6.2489
2025-02-12 21:53:40.947441,66.249.66.6,35.2271,-80.8431
2025-02-12 23:37:54.907007,94.74.98.14,22.2783,114.1747
2025-02-13 05:40:23.757647,40.77.202.1,47.1301,-119.2781
2025-02-13 10:56:34.488204,40.77.188.40,41.85,-87.65
2025-02-13 13:43:27.638922,149.157.177.162,53.385,-6.5936
2025-02-13 17:02:24.277551,66.249.66.7,35.2271,-80.8431
2025-02-13 17:46:21.960566,152.78.0.24,50.904,-1.4043
2025-02-13 23:32:11.951800,66.249.66.8,35.2271,-80.8431
2025-02-14 00:28:37.300554,152.78.0.24,50.904,-1.4043
2025-02-14 00:29:03.358676,37.228.248.120,53.3331,-6.2489
2025-02-14 02:09:54.814000,101.47.8.80,1.2897,103.8501
2025-02-14 05:52:30.054451,40.77.190.89,41.85,-87.65
2025-02-14 06:01:40.127037,34.77.70.95,50.8505,4.3488
2025-02-14 06:55:17.669840,49.0.244.30,22.2783,114.1747
2025-02-14 07:10:35.281300,166.108.235.44,1.2897,103.8501
2025-02-14 07:35:26.061882,124.243.183.31,1.2897,103.8501
2025-02-14 08:00:14.617003,217.114.215.133,52.5318,12.3484
2025-02-14 08:03:49.606274,89.248.171.23,52.374,4.8897
2025-02-14 08:10:54.527720,67.202.53.141,39.0437,-77.4875
2025-02-14 08:15:48.392350,18.215.171.2,39.0437,-77.4875
2025-02-14 08:19:52.391114,146.190.197.169,40.8043,-74.0121
2025-02-14 08:23:25.808905,176.102.65.28,50.088,14.4208
2025-02-14 09:35:44.252566,124.243.172.225,1.2897,103.8501
2025-02-14 10:52:48.281646,159.138.30.40,22.2783,114.1747
2025-02-14 11:54:08.056832,166.108.203.125,1.2897,103.8501
2025-02-14 13:43:51.296061,52.247.239.25,47.1301,-119.2781
2025-02-14 15:18:20.864560,37.228.248.120,53.3331,-6.2489
2025-02-14 15:18:20.864179,37.228.248.120,53.3331,-6.2489
2025-02-14 17:52:13.514969,202.8.43.162,39.0437,-77.4875
2025-02-14 23:05:04.562774,17.241.75.66,47.6062,-122.3321
2025-02-15 02:13:22.806861,40.77.188.125,41.85,-87.65
2025-02-15 04:29:09.449035,124.243.178.7,1.2897,103.8501
2025-02-15 07:50:36.790196,190.92.214.255,1.2897,103.8501
2025-02-15 09:02:26.453031,101.44.67.183,22.2783,114.1747
2025-02-15 09:10:32.727078,159.138.11.160,22.2783,114.1747
2025-02-15 10:33:48.877130,124.243.176.205,1.2897,103.8501
2025-02-15 10:57:53.905786,213.180.203.5,55.7522,37.6156
2025-02-16 03:55:26.031001,66.249.66.5,35.2271,-80.8431
2025-02-16 05:51:00.025418,40.77.202.157,47.1301,-119.2781
2025-02-16 10:26:52.275907,52.167.144.23,36.6676,-78.3875
2025-02-16 18:11:52.609818,37.228.248.120,53.3331,-6.2489
2025-02-16 18:11:52.611659,37.228.248.120,53.3331,-6.2489
2025-02-17 01:04:58.753519,45.150.166.10,47.4889,-122.3012
2025-02-17 08:07:57.141538,66.249.77.11,41.2619,-95.8608
2025-02-17 13:06:21.856485,202.8.43.162,39.0437,-77.4875
2025-02-17 13:47:06.817338,149.157.44.159,53.385,-6.5936
2025-02-17 15:51:02.159201,66.249.66.6,35.2271,-80.8431
2025-02-17 22:15:14.408553,52.167.144.164,36.6676,-78.3875
2025-02-18 03:22:58.067409,66.249.66.7,35.2271,-80.8431
2025-02-18 05:11:05.537273,17.22.245.127,39.0751,-78.5978
2025-02-18 09:04:09.848684,202.127.30.170,39.9075,116.3972
2025-02-18 10:24:08.428502,152.78.0.24,50.904,-1.4043
2025-02-18 12:01:59.013255,37.228.248.120,53.3331,-6.2489
2025-02-18 12:38:32.833095,37.228.248.120,53.3331,-6.2489
2025-02-18 12:38:32.854827,37.228.248.120,53.3331,-6.2489
2025-02-18 20:14:03.600547,145.90.81.34,52.0908,5.1222
2025-02-19 03:12:31.447728,40.77.190.80,41.85,-87.65
2025-02-19 03:44:27.823447,101.47.11.252,1.2897,103.8501
2025-02-19 06:58:09.087419,66.249.66.5,35.2271,-80.8431
2025-02-19 07:05:12.973276,193.42.21.167,55.7058,13.1932
2025-02-19 11:17:29.938173,17.246.15.62,39.0751,-78.5978
2025-02-19 14:40:06.488319,152.78.0.151,50.904,-1.4043
2025-02-19 18:16:33.701771,164.107.198.26,39.9612,-82.9988
2025-02-20 01:44:09.536406,37.228.248.120,53.3331,-6.2489
2025-02-20 01:44:09.554037,37.228.248.120,53.3331,-6.2489
2025-02-20 02:26:46.056173,101.47.8.240,1.2897,103.8501
2025-02-20 03:55:37.226595,69.160.160.59,32.2139,-110.9694
2025-02-20 04:23:51.173282,52.167.144.22,36.6676,-78.3875
2025-02-20 06:53:27.302940,101.47.9.42,1.2897,103.8501
2025-02-20 07:04:05.571094,101.47.7.14,1.2897,103.8501
2025-02-20 07:09:47.818243,202.8.43.162,39.0437,-77.4875
2025-02-20 13:42:03.210110,186.223.213.102,-22.0175,-47.8908
2025-02-20 22:24:30.482182,66.249.66.4,35.2271,-80.8431
2025-02-21 02:38:41.289727,66.249.66.6,35.2271,-80.8431
2025-02-21 04:44:17.973862,44.245.5.1,45.8399,-119.7006
2025-02-21 05:31:52.354435,66.249.66.5,35.2271,-80.8431
2025-02-21 12:33:13.261519,152.78.0.24,50.904,-1.4043
2025-02-21 13:42:53.735134,176.2.191.137, 24.206.112.118,None,None
2025-02-21 16:52:07.850191,186.223.213.102,-22.0175,-47.8908
2025-02-21 16:52:30.430324,52.167.144.22,36.6676,-78.3875
2025-02-21 18:00:40.025656,66.249.66.5,35.2271,-80.8431
2025-02-21 18:41:18.444219,132.203.245.2,46.8123,-71.2145
2025-02-21 21:35:16.207101,17.241.75.85,47.6062,-122.3321
2025-02-22 02:45:46.443107,101.47.10.164,1.2897,103.8501
2025-02-22 07:15:19.031605,86.62.29.205,42.3584,-71.0598
2025-02-22 14:19:21.394388,66.249.74.161,32.7831,-96.8067
2025-02-22 21:21:47.253197,37.228.248.120,53.3331,-6.2489
2025-02-22 21:21:47.252883,37.228.248.120,53.3331,-6.2489
2025-02-23 00:44:21.338066,202.8.43.162,39.0437,-77.4875
2025-02-23 08:34:08.606053,101.47.10.182,1.2897,103.8501
2025-02-23 09:40:06.547346,52.167.144.161,36.6676,-78.3875
2025-02-23 17:04:43.061526,101.47.9.245,1.2897,103.8501
2025-02-24 00:14:00.159507,110.249.202.139,31.2222,121.4581
2025-02-24 02:13:14.577438,205.169.39.49,32.7831,-96.8067
2025-02-24 03:28:30.419216,66.249.66.7,35.2271,-80.8431
2025-02-24 05:56:06.512044,66.249.66.7,35.2271,-80.8431
2025-02-24 13:04:12.331969,61.216.165.29,24.1469,120.6839
2025-02-24 13:44:19.971228,155.198.9.74,51.5085,-0.1257
2025-02-24 16:37:09.971409,75.223.188.250,33.9617,-118.3531
2025-02-24 18:52:45.459156,40.77.167.47,36.6676,-78.3875
2025-02-24 20:03:56.152458,66.249.79.161,45.5946,-121.1787
2025-02-24 21:50:30.616857,72.74.130.153,42.5465,-71.1737
2025-02-24 23:03:09.386123,137.110.51.56,32.7157,-117.1647
2025-02-25 00:34:13.042202,37.228.248.120,53.3331,-6.2489
2025-02-25 00:34:13.042310,37.228.248.120,53.3331,-6.2489
2025-02-25 01:49:36.971558,64.32.13.224,34.0522,-118.2437
2025-02-25 02:38:42.421779,66.249.79.172,45.5946,-121.1787
2025-02-25 05:23:07.225486,133.3.201.85,35.0211,135.7538
2025-02-25 11:23:15.930749,77.12.165.203,50.1155,8.6842
2025-02-25 13:38:13.131290,45.150.166.4,47.4889,-122.3012
2025-02-25 16:30:55.115364,124.35.168.126,35.6895,139.6917
2025-02-25 17:09:54.994436,202.8.43.162,39.0437,-77.4875
2025-02-25 22:35:36.980958,66.249.66.6,35.2271,-80.8431
2025-02-25 22:43:00.870675,193.198.57.194,45.8144,15.978
2025-02-25 22:59:49.442733,17.241.75.154,47.6062,-122.3321
2025-02-26 00:46:08.972870,37.228.248.120,53.3331,-6.2489
2025-02-26 02:23:39.700978,211.136.118.154,31.2222,121.4581
2025-02-26 05:13:20.181709,52.167.144.140,36.6676,-78.3875
2025-02-26 08:43:48.567301,40.77.202.139,47.1301,-119.2781
2025-02-26 09:47:05.959003,150.249.214.250,35.6895,139.6917
2025-02-26 10:15:38.918845,20.68.35.212,51.5085,-0.1257
2025-02-26 15:38:08.076307,45.150.166.4,47.4889,-122.3012
2025-02-27 05:23:31.903641,66.249.68.68,45.5946,-121.1787
2025-02-27 05:28:10.790730,40.77.167.8,36.6676,-78.3875
2025-02-27 07:55:05.026026,101.84.196.132,31.2222,121.4581
2025-02-27 09:18:56.271229,66.249.79.173,45.5946,-121.1787
2025-02-27 10:27:07.401543,152.78.0.24,50.904,-1.4043
2025-02-27 14:24:03.322793,124.209.70.204,35.6895,139.6917
2025-02-27 14:50:06.477493,152.78.0.24,50.904,-1.4043
2025-02-27 21:04:20.914364,93.175.8.197,55.7522,37.6156
2025-02-27 21:54:54.209878,198.137.18.247,33.9609,-83.3779
2025-02-28 00:10:04.647035,68.185.162.8,43.073,-89.4528
2025-02-28 03:09:01.582418,210.41.220.39,30.6667,104.0667
2025-02-28 03:10:58.574356,210.41.220.30,30.6667,104.0667
2025-02-28 04:59:35.847992,101.47.10.173,1.2897,103.8501
2025-02-28 08:50:20.321034,202.8.43.162,39.0437,-77.4875
2025-02-28 10:19:18.246445,101.47.10.76,1.2897,103.8501
2025-02-28 10:53:01.854577,66.249.66.4,35.2271,-80.8431
2025-02-28 11:14:30.502606,101.47.11.26,1.2897,103.8501
2025-02-28 11:14:30.698737,101.47.9.114,1.2897,103.8501
2025-02-28 11:32:08.550115,101.47.9.20,1.2897,103.8501
2025-02-28 13:32:40.417096,101.47.11.152,1.2897,103.8501
2025-02-28 15:02:05.664754,101.47.10.152,1.2897,103.8501
2025-02-28 15:52:14.641511,40.77.167.12,36.6676,-78.3875
2025-02-28 19:06:09.127254,17.241.219.56,47.6062,-122.3321
2025-02-28 19:24:01.905276,213.180.203.65,55.7522,37.6156
2025-03-01 03:05:09.144155,101.47.11.28,1.2897,103.8501
2025-03-01 03:05:10.163183,101.47.10.204,1.2897,103.8501
2025-03-01 03:05:10.171980,101.47.8.250,1.2897,103.8501
2025-03-01 04:21:23.320654,66.249.66.6,35.2271,-80.8431
2025-03-01 06:25:40.124807,66.249.66.4,35.2271,-80.8431
2025-03-01 09:19:44.736349,175.29.22.49,22.3714,114.1133
2025-03-01 12:32:49.412354,103.17.98.26,22.283,114.1585
2025-03-01 14:35:39.249726,40.77.188.93,41.85,-87.65
2025-03-01 23:31:44.055624,52.167.144.230,36.6676,-78.3875
2025-03-02 06:01:59.844994,66.249.66.5,35.2271,-80.8431
2025-03-02 06:38:11.010412,213.180.203.210,55.7522,37.6156
2025-03-02 09:41:20.719046,66.249.66.4,35.2271,-80.8431
2025-03-03 01:07:40.299948,202.8.43.162,39.0437,-77.4875
2025-03-03 08:55:42.041475,101.47.10.149,1.2897,103.8501
2025-03-03 12:39:12.287098,46.7.86.10,53.3331,-6.2489
2025-03-03 12:51:05.161166,101.47.8.207,1.2897,103.8501
2025-03-03 14:17:36.688202,17.246.15.54,39.0751,-78.5978
2025-03-03 14:45:31.161050,152.78.0.24,50.904,-1.4043
2025-03-03 15:22:07.577691,131.211.184.210,52.0908,5.1222
2025-03-03 20:58:55.508866,101.47.9.140,1.2897,103.8501
2025-03-03 21:07:45.348735,66.249.66.4,35.2271,-80.8431
2025-03-03 21:13:06.231551,101.47.11.26,1.2897,103.8501
2025-03-04 03:06:37.388415,52.167.144.223,36.6676,-78.3875
2025-03-04 05:14:39.920056,101.47.5.107,1.2897,103.8501
2025-03-04 11:28:30.416065,17.22.245.54,39.0751,-78.5978
2025-03-04 11:33:14.146148,152.78.0.24,50.904,-1.4043
2025-03-04 11:36:58.252246,37.228.248.120,53.3331,-6.2489
2025-03-04 11:36:58.259825,37.228.248.120,53.3331,-6.2489
2025-03-04 11:45:58.265983,112.120.125.131,22.2783,114.1747
2025-03-04 11:54:43.215194,66.249.66.5,35.2271,-80.8431
2025-03-04 11:57:24.420430,66.249.66.5,35.2271,-80.8431
2025-03-04 13:22:19.608702,134.206.202.27,50.6167,3.1666
2025-03-04 16:10:29.381497,17.241.75.112,47.6062,-122.3321
2025-03-04 22:42:11.656690,205.175.118.170,47.6062,-122.3321
2025-03-05 07:52:32.644324,45.150.166.14,47.4889,-122.3012
2025-03-05 09:29:07.719122,52.167.144.218,36.6676,-78.3875
2025-03-05 12:19:33.097721,152.78.0.223,50.904,-1.4043
2025-03-05 12:39:17.499193,152.78.0.24,50.904,-1.4043
2025-03-05 12:39:20.267938,37.228.215.17,53.3331,-6.2489
2025-03-05 12:48:49.698670,152.78.0.24,50.904,-1.4043
2025-03-05 12:51:19.709618,37.228.248.120,53.3331,-6.2489
2025-03-05 13:03:50.415676,40.77.202.91,47.1301,-119.2781
2025-03-05 13:08:21.764978,37.228.248.120,53.3331,-6.2489
2025-03-05 14:05:12.889018,66.249.66.8,35.2271,-80.8431
2025-03-05 14:12:00.593792,37.228.248.120,53.3331,-6.2489
2025-03-05 14:12:00.599031,37.228.248.120,53.3331,-6.2489
2025-03-05 14:56:14.663505,37.228.248.120,53.3331,-6.2489
2025-03-05 15:01:47.068172,66.249.66.5,35.2271,-80.8431
2025-03-05 22:24:18.447156,202.8.43.162,39.0437,-77.4875
2025-03-05 23:02:20.913866,184.176.41.21,32.7157,-117.1647
2025-03-05 23:09:06.684514,37.228.248.120,53.3331,-6.2489
2025-03-06 09:52:15.244846,52.167.144.145,36.6676,-78.3875
2025-03-06 12:52:26.657003,144.32.88.134,53.9576,-1.0827
2025-03-06 14:53:52.426247,101.47.10.72,1.2897,103.8501
2025-03-06 14:56:49.854838,37.228.248.120,53.3331,-6.2489
2025-03-06 22:39:06.660635,205.175.118.170,47.6062,-122.3321
2025-03-07 03:04:43.783648,139.230.253.23,-31.9522,115.8614
2025-03-07 05:51:13.954830,66.249.64.9,33.1963,-80.0143
2025-03-07 13:56:26.547741,141.19.124.25,49.4891,8.4669
2025-03-07 16:55:54.017992,66.249.64.7,33.1963,-80.0143
2025-03-07 20:06:42.080564,66.249.64.7,33.1963,-80.0143
2025-03-07 20:06:48.157236,5.255.231.123,55.7522,37.6156
2025-03-07 21:25:56.731369,198.137.18.91,33.9609,-83.3779
2025-03-08 00:33:16.336896,222.249.228.245,39.9075,116.3972
2025-03-08 01:34:14.717635,37.228.248.120,53.3331,-6.2489
2025-03-08 01:34:14.711068,37.228.248.120,53.3331,-6.2489
2025-03-08 07:14:30.095429,52.167.144.169,36.6676,-78.3875
2025-03-08 07:14:30.761575,52.167.144.169,36.6676,-78.3875
2025-03-08 08:08:36.343253,101.47.10.128,1.2897,103.8501
2025-03-08 10:58:42.715803,40.77.202.156,47.1301,-119.2781
2025-03-08 14:48:05.325788,202.8.43.162,39.0437,-77.4875
2025-03-08 15:27:08.216104,66.249.64.9,33.1963,-80.0143
2025-03-08 16:10:49.843465,37.228.248.120,53.3331,-6.2489
2025-03-08 17:21:59.145271,66.249.64.6,33.1963,-80.0143
2025-03-09 05:10:53.242428,101.47.8.30,1.2897,103.8501
2025-03-09 06:37:34.219737,101.47.9.116,1.2897,103.8501
2025-03-09 06:37:34.272043,101.47.5.132,1.2897,103.8501
2025-03-09 06:37:35.678049,101.47.11.201,1.2897,103.8501
2025-03-09 08:16:46.491653,116.179.37.52,31.2222,121.4581
2025-03-09 08:39:11.450305,203.129.60.61,-37.814,144.9633
2025-03-09 21:11:12.503142,37.228.248.120,53.3331,-6.2489
2025-03-09 21:11:12.509557,37.228.248.120,53.3331,-6.2489
2025-03-10 03:40:24.639256,40.77.167.254,36.6676,-78.3875
2025-03-10 06:53:50.319095,66.249.79.173,45.5946,-121.1787
2025-03-10 09:21:23.437155,211.22.161.135,24.1469,120.6839
2025-03-10 09:38:11.824644,101.47.6.237,1.2897,103.8501
2025-03-10 10:20:43.488447,40.77.202.59,47.1301,-119.2781
2025-03-10 11:06:34.485100,37.228.248.120,53.3331,-6.2489
2025-03-10 11:06:34.761620,37.228.248.120,53.3331,-6.2489
2025-03-10 11:13:13.304458,37.228.248.120,53.3331,-6.2489
2025-03-10 11:32:37.328479,40.94.97.30,60.1695,24.9354
2025-03-10 11:35:08.160052,152.78.1.68,50.904,-1.4043
2025-03-10 11:36:36.048971,172.167.202.115,51.5085,-0.1257
2025-03-10 14:30:51.227462,80.233.71.171,53.3331,-6.2489
2025-03-10 14:48:24.517027,64.32.13.217,34.0522,-118.2437
2025-03-10 17:09:16.696607,66.249.64.7,33.1963,-80.0143
2025-03-10 20:40:28.387258,66.249.64.10,33.1963,-80.0143
2025-03-10 22:47:47.994246,192.26.252.1,32.7157,-117.1647
2025-03-10 22:52:12.100957,37.228.248.120,53.3331,-6.2489
2025-03-10 22:52:12.093983,37.228.248.120,53.3331,-6.2489
2025-03-11 01:51:01.038615,101.47.11.152,1.2897,103.8501
2025-03-11 07:43:03.009094,202.8.43.162,39.0437,-77.4875
2025-03-11 09:38:50.379210,51.137.154.91,51.48,-3.18
2025-03-11 09:58:04.641710,176.199.210.69,49.4891,8.4669
2025-03-11 12:15:17.201002,37.228.248.120,53.3331,-6.2489
2025-03-11 12:45:57.116077,188.30.79.176,50.799,-1.0913
2025-03-11 12:46:38.530416,20.254.225.254,51.48,-3.18
2025-03-11 15:29:11.402403,66.249.64.6,33.1963,-80.0143
2025-03-11 16:41:45.154665,20.254.225.254,51.48,-3.18
2025-03-11 17:49:46.554445,66.249.64.9,33.1963,-80.0143
2025-03-12 06:47:20.377434,40.77.167.6,36.6676,-78.3875
2025-03-12 07:44:09.167906,112.48.20.230,22.5455,114.0683
2025-03-12 11:08:12.877914,149.157.37.50,53.385,-6.5936
2025-03-12 13:08:08.788632,101.47.10.214,1.2897,103.8501
2025-03-12 14:02:32.240310,185.203.122.49,-26.2023,28.0436
2025-03-12 16:02:37.548605,185.62.157.93,52.2874,0.1254
2025-03-12 21:46:20.919388,205.175.118.170,47.6062,-122.3321
2025-03-13 01:29:29.926910,37.228.248.120,53.3331,-6.2489
2025-03-13 03:33:09.671299,59.125.75.110,24.1469,120.6839
2025-03-13 05:33:01.199344,116.179.37.187,31.2222,121.4581
2025-03-13 06:21:52.596519,111.7.96.169,34.7578,113.6486
2025-03-13 06:22:14.712026,101.47.9.201,1.2897,103.8501
2025-03-13 06:22:14.872034,101.47.11.112,1.2897,103.8501
2025-03-13 06:43:15.063464,40.77.167.23,36.6676,-78.3875
2025-03-13 08:45:53.255518,159.226.118.126,39.9075,116.3972
2025-03-13 09:03:51.708828,101.47.10.224,1.2897,103.8501
2025-03-13 11:09:00.873218,152.78.150.119,50.904,-1.4043
2025-03-13 11:40:59.250890,152.78.0.217,50.904,-1.4043
2025-03-13 12:41:09.388539,145.88.209.33,52.374,4.8897
2025-03-13 13:48:36.355020,66.249.64.11,33.1963,-80.0143
2025-03-13 13:52:22.833648,189.147.56.12,19.4285,-99.1277
2025-03-13 15:45:19.616000,129.10.163.27,42.3584,-71.0598
2025-03-13 16:37:22.668628,152.78.1.80,50.904,-1.4043
2025-03-13 16:59:23.990774,92.40.111.52,51.5085,-0.1257
2025-03-13 17:03:04.407078,3.147.195.139,39.9612,-82.9988
2025-03-13 18:15:11.731926,66.249.64.6,33.1963,-80.0143
2025-03-13 20:57:43.456707,66.249.64.9,33.1963,-80.0143
2025-03-13 21:20:42.926767,66.249.64.9,33.1963,-80.0143
2025-03-13 22:48:27.495178,110.249.201.101,38.0414,114.4786
2025-03-14 07:13:41.906322,31.218.48.84,24.4512,54.397
2025-03-14 10:01:13.300654,152.78.1.80,50.904,-1.4043
2025-03-14 10:02:08.302063,40.77.167.241,36.6676,-78.3875
2025-03-14 10:02:55.603794,172.166.104.241,51.5085,-0.1257
2025-03-14 14:16:54.214751,3.23.131.3,39.9612,-82.9988
2025-03-14 14:37:27.937805,172.167.202.115,51.5085,-0.1257
2025-03-14 15:29:13.078364,18.191.50.203,39.9612,-82.9988
2025-03-14 15:34:35.251858,66.249.64.8,33.1963,-80.0143
2025-03-14 16:17:23.854187,51.141.81.232,51.48,-3.18
2025-03-14 16:24:52.521660,172.167.201.151,51.5085,-0.1257
2025-03-14 16:56:23.009945,152.78.0.24,50.904,-1.4043
2025-03-14 17:11:12.877834,37.228.215.17,53.3574,-6.4486
2025-03-14 18:33:08.875144,66.249.64.9,33.1963,-80.0143
2025-03-15 03:46:05.127643,3.144.8.165,39.9612,-82.9988
2025-03-15 04:14:37.037711,103.224.52.157,-37.814,144.9633
2025-03-15 04:16:02.060914,13.58.74.190,39.9612,-82.9988
2025-03-15 04:57:19.702135,3.144.119.207,39.9612,-82.9988
2025-03-15 07:13:06.010268,3.128.180.89,39.9612,-82.9988
2025-03-15 08:15:35.236294,3.128.188.223,39.9612,-82.9988
2025-03-15 10:25:36.921095,40.77.202.145,47.1301,-119.2781
2025-03-15 16:26:03.793905,37.228.248.120,53.3331,-6.2489
2025-03-16 00:46:29.029637,52.14.35.155,39.9612,-82.9988
2025-03-16 06:06:13.933026,17.22.245.127,39.0751,-78.5978
2025-03-16 09:57:38.624113,52.167.144.204,36.6676,-78.3875
2025-03-16 14:17:37.419100,101.47.8.90,1.2897,103.8501
2025-03-16 16:53:34.132810,66.249.64.6,33.1963,-80.0143
2025-03-16 17:08:15.206356,18.191.229.157,39.9612,-82.9988
2025-03-16 17:22:39.751910,40.77.202.162,47.1301,-119.2781
2025-03-16 19:38:35.611352,3.135.185.223,39.9612,-82.9988
2025-03-17 09:39:15.440686,101.47.11.118,1.2897,103.8501
2025-03-17 10:26:42.256926,66.249.64.7,33.1963,-80.0143
2025-03-17 10:48:04.222452,193.190.253.145,50.8796,4.7009
2025-03-17 11:16:16.672693,82.118.30.16,50.088,14.4208
2025-03-17 14:59:16.083473,165.225.21.70,48.8534,2.3488
2025-03-17 16:05:20.594687,3.145.77.42,39.9612,-82.9988
2025-03-17 16:08:53.274711,82.14.25.53,55.8651,-4.2576
2025-03-17 16:54:07.194890,12.235.223.35,32.7157,-117.1647
2025-03-17 22:09:13.390399,93.66.126.169,45.5994,10.4527
2025-03-17 23:04:58.349764,66.249.77.109,41.2619,-95.8608
2025-03-17 23:36:56.007082,37.228.248.120,53.3331,-6.2489
2025-03-17 23:48:17.044267,66.249.76.129,51.2205,4.4003
2025-03-18 00:24:20.237537,18.220.137.93,39.9612,-82.9988
2025-03-18 03:46:14.606049,40.77.167.254,36.6676,-78.3875
2025-03-18 04:22:39.401763,17.241.219.11,47.6062,-122.3321
2025-03-18 12:41:20.111165,17.246.23.113,40.7143,-74.006
2025-03-18 21:21:08.821603,66.249.76.128,51.2205,4.4003
2025-03-19 11:19:24.183037,37.228.248.120,53.3331,-6.2489
2025-03-19 14:57:27.214517,223.104.150.68,31.2222,121.4581
2025-03-19 15:03:32.022072,40.77.167.235,36.6676,-78.3875
2025-03-19 17:02:32.240196,113.105.67.132,22.5455,114.0683
2025-03-19 23:52:50.015862,116.179.37.150,31.2222,121.4581
2025-03-20 05:41:59.712708,101.47.10.128,1.2897,103.8501
2025-03-20 06:06:55.162550,103.167.135.174,22.2783,114.1747
2025-03-20 06:14:36.480703,42.244.17.125,31.2222,121.4581
2025-03-20 13:38:16.367610,52.195.148.120,35.6895,139.6917
2025-03-20 21:54:19.236680,202.8.43.162,39.0437,-77.4875
2025-03-20 23:14:26.357151,213.180.203.160,55.7522,37.6156
2025-03-21 06:17:26.466998,52.167.144.179,36.6676,-78.3875
2025-03-21 12:54:55.258626,152.78.0.24,50.904,-1.4043
2025-03-21 19:34:06.038333,198.11.8.221,42.5519,-71.2518
2025-03-21 20:25:36.849696,31.197.163.226,43.8805,11.097
2025-03-22 00:29:01.310684,66.249.64.7,33.1963,-80.0143
2025-03-22 09:20:31.030165,66.249.64.7,33.1963,-80.0143
2025-03-22 11:48:23.491757,101.47.11.252,1.2897,103.8501
2025-03-22 13:08:14.203836,157.55.39.49,47.1301,-119.2781
2025-03-23 14:41:00.203945,213.225.254.106,44.4938,11.3387
2025-03-24 05:17:27.756353,18.216.229.154,39.9612,-82.9988
2025-03-24 06:12:52.993748,111.48.77.143,31.2222,121.4581
2025-03-24 06:16:43.387586,80.225.201.38,19.1167,72.9833
2025-03-24 06:17:21.864989,80.225.201.38,19.1167,72.9833
2025-03-24 12:34:07.729070,213.225.254.106,44.4938,11.3387
2025-03-24 14:24:43.226814,213.225.254.106,44.4938,11.3387
2025-03-24 14:24:43.226886,213.225.254.106,44.4938,11.3387
2025-03-24 19:07:34.232907,170.140.104.32,33.749,-84.388
2025-03-24 19:55:38.428031,3.217.2.114,39.0437,-77.4875
2025-03-25 02:19:18.446990,66.249.64.8,33.1963,-80.0143
2025-03-25 07:03:25.321326,116.179.37.102,31.2222,121.4581
2025-03-25 08:11:52.064909,213.225.254.106,44.4938,11.3387
2025-03-25 08:51:49.025137,202.8.43.162,39.0437,-77.4875
2025-03-25 10:40:36.893183,213.225.254.106,44.4938,11.3387
2025-03-25 10:53:14.813266,66.249.64.7,33.1963,-80.0143
2025-03-25 11:30:38.515907,152.78.1.68,50.904,-1.4043
2025-03-25 11:31:17.461463,51.141.81.232,51.48,-3.18
2025-03-25 13:07:30.782389,213.225.254.106,44.4938,11.3387
2025-03-25 13:36:03.214264,40.77.202.89,47.1301,-119.2781
2025-03-25 14:12:04.615737,157.55.39.195,47.1301,-119.2781
2025-03-25 15:09:38.820892,149.20.200.237,42.3584,-71.0598
2025-03-25 19:22:58.367544,192.58.125.1,33.5779,-101.8552
2025-03-25 21:36:35.979793,213.225.254.106,44.4938,11.3387
2025-03-25 21:58:26.511068,66.249.73.7,36.154,-95.9928
2025-03-26 10:24:33.490180,3.19.217.248,39.9612,-82.9988
2025-03-26 10:35:17.390210,66.249.73.7,36.154,-95.9928
2025-03-26 13:42:41.567042,66.249.64.9,33.1963,-80.0143
2025-03-27 00:29:49.545055,110.249.202.55,38.0414,114.4786
2025-03-27 01:30:59.197845,45.58.198.171,42.3584,-71.0598
2025-03-27 01:31:00.877946,209.99.178.197,37.3394,-121.895
2025-03-27 01:31:09.107155,174.54.160.74,40.0395,-76.3511
2025-03-27 01:33:05.258068,111.225.149.51,38.0414,114.4786
2025-03-27 09:17:07.487473,103.172.183.76,1.3552,103.8235
2025-03-27 10:42:07.179485,101.47.9.71,1.2897,103.8501
2025-03-27 11:10:16.262063,111.225.148.47,38.0414,114.4786
2025-03-27 13:44:45.883180,157.55.39.57,47.1301,-119.2781
2025-03-27 13:54:48.374954,147.161.164.125,50.1155,8.6842
2025-03-27 17:41:26.064328,31.221.195.64,43.299,-1.9879
2025-03-27 18:58:27.190403,66.249.66.6,35.2271,-80.8431
2025-03-27 23:21:53.132312,202.8.43.162,39.0437,-77.4875
2025-03-28 01:44:55.934289,101.47.10.0,1.2897,103.8501
2025-03-28 05:54:20.548232,183.6.9.83,22.5455,114.0683
2025-03-28 07:28:07.151496,202.11.6.60,35.1815,136.9064
2025-03-28 14:16:59.352145,66.249.64.8,33.1963,-80.0143
2025-03-28 16:20:42.282666,66.249.64.7,33.1963,-80.0143
2025-03-28 16:36:54.215260,207.46.13.151,47.1301,-119.2781
2025-03-29 02:56:43.986866,110.249.202.50,38.0414,114.4786
2025-03-29 09:01:56.308409,17.241.75.220,47.6062,-122.3321
2025-03-29 10:04:26.577256,3.14.145.94,39.9612,-82.9988
2025-03-29 10:36:20.582307,111.225.148.92,38.0414,114.4786
2025-03-29 10:37:55.674726,66.249.64.7,33.1963,-80.0143
2025-03-29 12:07:51.673125,66.249.64.6,33.1963,-80.0143
2025-03-29 13:34:46.273116,207.46.13.52,47.1301,-119.2781
2025-03-29 19:12:42.762601,112.209.180.89,14.6042,120.9822
2025-03-29 20:04:23.937109,66.249.64.7,33.1963,-80.0143
2025-03-29 22:55:25.720142,17.246.15.99,39.2904,-76.6122
2025-03-30 03:16:43.733178,202.120.235.190,31.2222,121.4581
2025-03-30 03:43:11.011325,202.8.43.162,39.0437,-77.4875
2025-03-30 04:05:36.730841,101.71.239.178,30.7522,120.75
2025-03-30 04:20:51.662819,17.22.245.86,39.0751,-78.5978
2025-03-30 12:57:12.627933,106.72.198.33,35.6558,139.3239
2025-03-30 15:37:10.003027,147.161.188.190,59.3294,18.0687
2025-03-30 18:30:55.278714,40.77.202.132,47.1301,-119.2781
2025-03-30 22:11:19.508229,17.241.219.17,47.6062,-122.3321
2025-03-31 05:15:27.921200,116.179.37.169,31.2222,121.4581
2025-03-31 12:46:07.612962,165.225.21.41,48.8534,2.3488
2025-03-31 13:22:35.704682,130.241.30.123,57.7072,11.9668
2025-03-31 15:35:48.332194,207.46.13.64,47.1301,-119.2781
2025-03-31 16:13:25.935398,66.249.64.6,33.1963,-80.0143
2025-03-31 17:28:20.053907,93.48.253.205,40.9285,14.202
2025-03-31 17:28:56.887195,66.249.64.8,33.1963,-80.0143
2025-03-31 19:53:09.730119,184.147.210.220,43.4668,-80.5164
2025-03-31 21:35:07.253052,13.58.91.217,39.9612,-82.9988
2025-03-31 21:38:27.680666,101.47.9.252,1.2897,103.8501
2025-04-01 02:16:39.588621,40.77.202.171,47.1301,-119.2781
2025-04-01 02:39:02.672273,17.246.19.117,41.85,-87.65
2025-04-01 08:13:49.277653,202.8.43.162,39.0437,-77.4875
2025-04-01 09:11:08.962846,152.78.0.24,50.904,-1.4043
2025-04-01 10:00:00.841265,119.117.221.82,31.2222,121.4581
2025-04-01 11:16:47.766294,101.47.9.117,1.2897,103.8501
2025-04-01 17:18:25.888896,18.191.166.195,39.9612,-82.9988
2025-04-01 18:12:00.620151,3.140.207.29,39.9612,-82.9988
2025-04-01 19:21:09.878174,40.77.167.14,36.6676,-78.3875
2025-04-01 19:37:25.846121,86.3.55.187,53.8019,-2.3151
2025-04-01 20:51:43.538198,17.241.219.208,47.6062,-122.3321
2025-04-01 22:38:13.507622,129.97.124.231,43.4668,-80.5164
2025-04-02 01:43:27.258870,66.249.68.129,45.5946,-121.1787
2025-04-02 02:52:04.916777,101.47.11.121,1.2897,103.8501
2025-04-02 04:18:09.985480,18.191.187.115,39.9612,-82.9988
2025-04-02 04:18:10.241263,18.191.187.115,39.9612,-82.9988
2025-04-02 05:09:44.752134,66.249.68.131,45.5946,-121.1787
2025-04-02 11:05:08.517191,37.228.248.120,53.3331,-6.2489
2025-04-02 13:18:09.679089,152.78.1.71,50.904,-1.4043
2025-04-02 13:18:22.520798,51.141.86.138,51.48,-3.18
2025-04-02 13:49:22.026890,117.28.251.146,24.4798,118.0819
2025-04-02 15:25:06.758991,77.173.109.20,51.9225,4.4792
2025-04-02 15:44:38.830991,66.249.66.5,35.2271,-80.8431
2025-04-02 17:32:51.728580,66.249.66.7,35.2271,-80.8431
2025-04-02 18:19:59.197206,40.77.202.174,47.1301,-119.2781
2025-04-02 18:43:28.755193,52.167.144.206,36.6676,-78.3875
2025-04-02 20:35:16.646803,66.249.66.5,35.2271,-80.8431
2025-04-02 20:43:16.685324,51.141.86.138,51.48,-3.18
2025-04-03 06:11:32.057190,150.37.132.68,35.6558,139.3239
2025-04-03 13:07:03.022371,37.228.248.120,53.3331,-6.2489
2025-04-03 16:04:13.722055,37.228.248.120,53.3331,-6.2489
2025-04-03 16:04:13.733587,37.228.248.120,53.3331,-6.2489
2025-04-03 16:14:22.870594,37.228.248.120,53.3331,-6.2489
2025-04-03 16:14:23.165676,37.228.248.120,53.3331,-6.2489
2025-04-03 18:26:08.258580,40.77.202.58,47.1301,-119.2781
2025-04-03 19:37:32.910875,66.249.66.4,35.2271,-80.8431
2025-04-03 20:01:57.045381,37.228.248.120,53.3331,-6.2489
2025-04-03 20:01:57.335100,37.228.248.120,53.3331,-6.2489
2025-04-03 20:13:27.043409,37.228.248.120,53.3331,-6.2489
2025-04-03 20:13:27.352775,37.228.248.120,53.3331,-6.2489
2025-04-03 21:36:13.784929,66.249.66.6,35.2271,-80.8431
2025-04-03 23:02:21.564379,52.167.144.19,36.6676,-78.3875
2025-04-04 01:22:59.458505,18.222.197.132,39.9612,-82.9988
2025-04-04 01:45:55.549145,34.122.147.229,41.2619,-95.8608
2025-04-04 01:46:58.343676,34.116.207.29,52.2298,21.0118
2025-04-04 04:07:19.866710,205.169.39.58,32.7831,-96.8067
2025-04-04 08:04:56.494564,149.157.192.251,53.385,-6.5936
2025-04-04 09:15:05.205830,14.11.3.194,35.1815,136.9064
2025-04-04 09:39:56.784223,152.78.0.24,50.904,-1.4043
2025-04-04 09:53:28.189866,136.232.196.186,12.9719,77.5937
2025-04-04 22:59:37.500121,88.138.239.116,48.8534,2.3488
2025-04-05 05:14:47.135077,66.249.66.6,35.2271,-80.8431
2025-04-05 07:32:54.744034,17.241.75.7,47.6062,-122.3321
2025-04-05 20:37:09.863610,18.189.182.32,39.9612,-82.9988
2025-04-05 22:18:55.041792,216.234.215.228,-17.8277,31.0534
2025-04-06 03:36:46.453301,52.167.144.138,36.6676,-78.3875
2025-04-06 06:59:12.847206,116.179.37.119,31.2222,121.4581
2025-04-06 07:04:02.901304,66.249.66.8,35.2271,-80.8431
2025-04-06 08:09:35.936241,101.47.20.143,1.2897,103.8501
2025-04-06 08:18:54.158158,66.249.66.6,35.2271,-80.8431
2025-04-06 10:47:34.123254,66.249.66.7,35.2271,-80.8431
2025-04-06 12:35:58.690171,66.249.66.6,35.2271,-80.8431
2025-04-06 13:55:24.590624,166.196.54.33,34.0754,-84.2941
2025-04-06 17:15:40.747773,152.78.0.24,50.904,-1.4043
2025-04-06 19:10:43.860610,18.188.87.95,39.9612,-82.9988
2025-04-06 19:50:04.948669,66.249.66.4,35.2271,-80.8431
2025-04-06 21:14:22.055168,3.14.9.169,39.9612,-82.9988
2025-04-06 22:59:37.562054,66.249.66.5,35.2271,-80.8431
2025-04-07 03:17:55.513202,101.47.8.240,1.2897,103.8501
2025-04-07 03:22:26.189696,101.47.10.209,1.2897,103.8501
2025-04-07 03:30:51.235433,40.77.167.159,36.6676,-78.3875
2025-04-07 05:09:55.626994,103.213.208.194,12.7111,77.6956
2025-04-07 06:29:52.266122,66.249.66.6,35.2271,-80.8431
2025-04-07 09:00:19.241585,222.201.136.163,31.2222,121.4581
2025-04-07 09:33:09.643914,152.78.0.24,50.904,-1.4043
2025-04-07 09:33:21.431865,195.37.172.161,51.504,11.8621
2025-04-07 10:03:03.956768,37.228.248.120,53.3331,-6.2489
2025-04-07 10:15:32.762210,37.228.233.161,53.3331,-6.2489
2025-04-07 21:29:45.652226,18.219.145.197,39.9612,-82.9988
2025-04-07 22:03:54.892396,205.175.118.170,47.6062,-122.3321
2025-04-08 01:09:14.285729,150.37.132.68,35.6558,139.3239
2025-04-08 02:14:08.704994,52.167.144.187,36.6676,-78.3875
2025-04-08 02:15:07.813140,35.21.23.115,42.737,-84.4839
2025-04-08 06:53:31.903624,66.249.66.4,35.2271,-80.8431
2025-04-08 10:03:51.161849,94.231.42.6,45.7485,4.8467
2025-04-08 12:03:41.382643,17.246.19.56,39.0751,-78.5978
2025-04-08 12:21:30.172612,158.195.47.175,48.1482,17.1067
2025-04-08 20:47:54.141003,37.228.248.120,53.3981,-6.2669
2025-04-09 02:24:34.187664,52.167.144.19,36.6676,-78.3875
2025-04-09 07:54:30.933425,18.191.100.220,39.9612,-82.9988
2025-04-09 10:37:38.091954,137.83.225.71,50.1112,8.6831
2025-04-09 10:45:08.802989,145.88.209.33,52.374,4.8897
2025-04-09 11:10:30.145693,37.228.248.120,53.3981,-6.2669
2025-04-09 11:10:30.132195,37.228.248.120,53.3981,-6.2669
2025-04-09 11:47:13.962537,37.228.248.120,53.3981,-6.2669
2025-04-09 11:47:14.240438,37.228.248.120,53.3981,-6.2669
2025-04-09 16:52:30.750150,66.249.64.6,33.1963,-80.0143
2025-04-09 16:59:10.857773,34.209.112.47,45.8399,-119.7006
2025-04-09 22:40:14.613857,152.78.0.24,50.904,-1.4043
2025-04-09 23:47:22.493784,66.249.64.6,33.1963,-80.0143
2025-04-09 23:48:53.055056,66.249.64.9,33.1963,-80.0143
2025-04-09 23:59:46.834332,66.249.64.8,33.1963,-80.0143
2025-04-10 00:07:37.235624,66.249.64.9,33.1963,-80.0143
2025-04-10 06:25:55.204342,40.77.167.58,36.6676,-78.3875
2025-04-10 08:41:57.167503,40.77.202.135,47.1301,-119.2781
2025-04-10 09:35:04.181379,152.78.0.24,50.904,-1.4043
2025-04-10 10:06:53.744000,101.47.9.247,1.2897,103.8501
2025-04-10 10:06:54.050081,101.47.9.66,1.2897,103.8501
2025-04-10 13:46:36.405660,111.42.148.130,31.2222,121.4581
2025-04-10 14:40:10.176960,152.78.0.24,50.904,-1.4043
2025-04-10 14:40:10.204616,152.78.0.24,50.904,-1.4043
2025-04-10 20:20:23.684131,37.228.248.120,53.3981,-6.2669
2025-04-10 20:56:03.501043,152.78.0.24,50.904,-1.4043
2025-04-10 20:57:08.091704,72.145.76.58,53.3331,-6.2489
2025-04-11 03:08:02.420029,222.201.136.163,31.2222,121.4581
2025-04-11 07:12:14.048608,129.206.45.192,49.4077,8.6908
2025-04-11 09:48:20.963522,101.47.10.216,1.2897,103.8501
2025-04-11 09:48:21.170200,101.47.9.176,1.2897,103.8501
2025-04-11 13:05:33.178879,152.78.0.24,50.904,-1.4043
2025-04-11 14:33:17.387963,37.228.233.161,53.3331,-6.2489
2025-04-11 14:46:13.395702,37.228.248.120,53.3981,-6.2669
2025-04-11 14:46:13.401213,37.228.248.120,53.3981,-6.2669
2025-04-11 17:20:33.774148,3.144.45.224,39.9612,-82.9988
2025-04-11 17:25:47.806876,123.160.223.75,34.7578,113.6486
2025-04-11 20:43:15.409834,37.228.248.120,53.3981,-6.2669
2025-04-12 03:48:44.600588,3.135.222.93,39.9612,-82.9988
2025-04-12 08:47:48.518331,52.167.144.162,36.6676,-78.3875
2025-04-12 13:24:45.461491,66.249.64.10,33.1963,-80.0143
2025-04-12 14:54:30.231375,116.179.37.226,31.2222,121.4581
2025-04-12 22:12:39.220393,17.246.15.137,39.0751,-78.5978
2025-04-13 11:21:46.122293,17.246.23.199,41.85,-87.65
2025-04-13 13:08:37.728334,66.249.64.6,33.1963,-80.0143
2025-04-13 17:34:21.481314,66.249.64.6,33.1963,-80.0143
2025-04-13 18:16:16.098907,40.77.167.159,36.6676,-78.3875
2025-04-13 18:22:26.118050,149.88.25.194,41.85,-87.65
2025-04-13 18:39:26.666050,37.228.248.120,53.3981,-6.2669
2025-04-13 23:13:32.494848,205.175.118.170,47.6062,-122.3321
2025-04-13 23:29:08.772544,37.228.248.120,53.3981,-6.2669
2025-04-13 23:29:08.752942,37.228.248.120,53.3981,-6.2669
2025-04-14 02:03:34.929821,66.249.64.7,33.1963,-80.0143
2025-04-14 02:34:55.185277,202.242.5.129,35.6895,139.6917
2025-04-14 07:04:10.730121,129.206.45.192,49.4077,8.6908
2025-04-14 07:04:11.002513,129.206.45.192,49.4077,8.6908
2025-04-14 07:14:01.943473,101.47.11.9,1.2897,103.8501
2025-04-14 09:26:22.383228,152.78.0.24,50.904,-1.4043
2025-04-14 09:32:20.905433,152.78.0.24,50.904,-1.4043
2025-04-14 09:43:10.447146,101.47.10.87,1.2897,103.8501
2025-04-14 12:02:53.323259,149.157.192.251,53.385,-6.5936
2025-04-14 12:04:20.941130,223.80.110.44,30.7522,120.75
2025-04-14 12:08:18.298096,103.213.208.194,12.7111,77.6956
2025-04-14 12:44:20.267031,66.249.64.13,33.1963,-80.0143
2025-04-14 13:47:45.861217,150.37.251.34,35.6558,139.3239
2025-04-14 14:12:56.311129,152.78.0.212,50.904,-1.4043
2025-04-14 20:05:47.960920,37.228.248.120,53.3981,-6.2669
